{"noiseKey":{"private":{"type":"Buffer","data":"GLMm+AKLrW3qIZILbrK7aI/AezCVsPhusKF+yG6FLW4="},"public":{"type":"Buffer","data":"GzYd/xEl9OUWNtKfrbQzrfFXMBkSGI5khNI3lequUU8="}},"pairingEphemeralKeyPair":{"private":{"type":"Buffer","data":"UKsz3Zom0N6daedteBVP2VAcwxVVqNob+9DmWUQfols="},"public":{"type":"Buffer","data":"rrRflhC8hPWAvRBAoAwCw5HHRhwh7w53i+XfWOlLnEM="}},"signedIdentityKey":{"private":{"type":"Buffer","data":"8DKVTF9kE8+qR10ZCEVycYcCFza6cCzublA//pOx71Y="},"public":{"type":"Buffer","data":"f4Rzg0Z51yWamv7Cb/D8f/UllhyWtiNiQb7RuSqbaj8="}},"signedPreKey":{"keyPair":{"private":{"type":"Buffer","data":"gNH7nEH9p9HoWbkoxgjkCMBMR+Rnj34MimGyBet52XA="},"public":{"type":"Buffer","data":"S5wJVliR2t9sJtLJ0A1RaLrNQOpw4+o/eH5HleqqMG8="}},"signature":{"type":"Buffer","data":"d6GqLYygfC0MVaS3jknoylDEH8wJjyb0DBrGO+zHXK/H7q7TjqdJ1OAFBqBv+3BfH4jOTjrk4BaDDRXjx+cKhA=="},"keyId":1},"registrationId":164,"advSecretKey":"pEef7GHKdkdXVuCEiOnz7wTAoit7Vs4CqzpX96mOm6Q=","processedHistoryMessages":[{"key":{"remoteJid":"62895635773387@s.whatsapp.net","fromMe":true,"id":"998596A7077E705D4798229F105DD120"},"messageTimestamp":1697097668},{"key":{"remoteJid":"62895635773387@s.whatsapp.net","fromMe":true,"id":"738EF84CAE3286AAFD9935A588BF5AE8"},"messageTimestamp":1697097672},{"key":{"remoteJid":"62895635773387@s.whatsapp.net","fromMe":true,"id":"CEFE0E7359C01D68BA5EBC16BD5BC656"},"messageTimestamp":1697098084}],"nextPreKeyId":91,"firstUnuploadedPreKeyId":91,"accountSyncCounter":1,"accountSettings":{"unarchiveChats":false},"deviceId":"vYht1Wd8RpK7ABXzBBRQ1Q","phoneId":"1e9d53c1-5221-4b26-bf47-2ce39f72e72b","identityId":{"type":"Buffer","data":"wAtG+SYRXhhcBFllrovHosUmmao="},"registered":true,"backupToken":{"type":"Buffer","data":"WUcfDM5KYdrd01TQzR+Bch5Tbn8="},"registration":{},"pairingCode":"5P87WRLN","me":{"id":"62895635773387:25@s.whatsapp.net","name":"Wabot"},"account":{"details":"CMH0+8cCELnPnqkGGAM=","accountSignatureKey":"T9kWjhftT2O4q15U/lULXy8WE0PVlpd5AehwqZl2hTo=","accountSignature":"Q/15WrmjCwihGI/7s1TBC3JjT8w/8DX5zwCuUsZxBKIYKj2PL/QlLty6mR/r0ANwc2PHoJULSO1aP3AsKow8AA==","deviceSignature":"EdkcjYtS/6TozC9PzNfwBJZI0hnV/PhlB4kcSsfdYKAI6S8C7aOmSEeyazXdR6XXObA7fkngGgis++BYtxf7gg=="},"signalIdentities":[{"identifier":{"name":"62895635773387:25@s.whatsapp.net","deviceId":0},"identifierKey":{"type":"Buffer","data":"BU/ZFo4X7U9juKteVP5VC18vFhND1ZaXeQHocKmZdoU6"}}],"platform":"smba","lastAccountSyncTimestamp":1697171898,"myAppStateKeyId":"AAAAAHU3"}